1	ชิณคัณ	A+	24	อาทิตย์, เสาร์, พุธ(กลางคืน), ศุกร์	24🟢 - 45🟢 - 54🟢 - 44🟢 - 45🟢	ชิน-คัน	มีปัญญา และมีความรู้
2	ชิณคัน	A+	24	อาทิตย์, พุธ(กลางคืน), ศุกร์	24🟢 - 45🟢 - 54🟢 - 44🟢 - 45🟢	ชิน-คัน	มีปัญญา มีความรู้ และอ่อนโยน
3	ชิณคัม	A+	24	อาทิตย์, เสาร์, ศุกร์	24🟢 - 45🟢 - 54🟢 - 44🟢 - 45🟢	ชิน-คัม	มีปัญญา มีความรู้ และมีเมตตา
5	ชิณคิณ	A+	24	อาทิตย์, เสาร์, พุธ(กลางคืน), ศุกร์	24🟢 - 45🟢 - 54🟢 - 44🟢 - 45🟢	ชิน-คิน	มีปัญญา และมีความรู้
6	ชิณคิน	A+	24	อาทิตย์, พุธ(กลางคืน), ศุกร์	24🟢 - 45🟢 - 54🟢 - 44🟢 - 45🟢	ชิน-คิน	มีปัญญา มีความรู้ และอ่อนโยน
7	ชิณคิม	A+	24	อาทิตย์, เสาร์, ศุกร์	24🟢 - 45🟢 - 54🟢 - 44🟢 - 45🟢	ชิน-คิม	มีปัญญา มีความรู้ และมีเมตตา
9	ชิณธัณ	A+	24	อาทิตย์, อังคาร, พุธ(กลางคืน), ศุกร์	24🟢 - 45🟢 - 54🟢 - 44🟢 - 45🟢	ชิน-ทัน	มีปัญญา และมีคุณธรรม
10	ชิณธัน	A+	24	อาทิตย์, อังคาร, พุธ(กลางคืน), ศุกร์	24🟢 - 45🟢 - 54🟢 - 44🟢 - 45🟢	ชิน-ทัน	มีปัญญา มีคุณธรรม และอ่อนโยน
11	ชิณธัม	A+	24	อาทิตย์, อังคาร, ศุกร์	24🟢 - 45🟢 - 54🟢 - 44🟢 - 45🟢	ชิน-ทัม	มีปัญญา มีคุณธรรม และมีเมตตา
13	ชิณธิณ	A+	24	อาทิตย์, อังคาร, พุธ(กลางคืน), ศุกร์	24🟢 - 45🟢 - 54🟢 - 44🟢 - 45🟢	ชิน-ทิน	มีปัญญา และมีคุณธรรม
14	ชิณธิน	A+	24	อาทิตย์, อังคาร, พุธ(กลางคืน), ศุกร์	24🟢 - 45🟢 - 54🟢 - 44🟢 - 45🟢	ชิน-ทิน	มีปัญญา มีคุณธรรม และอ่อนโยน
15	ชิณธิม	A+	24	อาทิตย์, อังคาร, ศุกร์	24🟢 - 45🟢 - 54🟢 - 44🟢 - 45🟢	ชิน-ทิม	มีปัญญา มีคุณธรรม และมีเมตตา
17	ชิณรัณ	A+	24	อาทิตย์, อังคาร, เสาร์, พุธ(กลางคืน)	24🟢 - 45🟢 - 54🟢 - 44🟢 - 45🟢	ชิน-รัน	มีปัญญา และรุ่งเรือง
18	ชิณรัน	A+	24	อาทิตย์, อังคาร, พุธ(กลางคืน)	24🟢 - 45🟢 - 54🟢 - 44🟢 - 45🟢	ชิน-รัน	มีปัญญา รุ่งเรือง และอ่อนโยน
19	ชิณรัม	A+	24	อาทิตย์, อังคาร, เสาร์	24🟢 - 45🟢 - 54🟢 - 44🟢 - 45🟢	ชิน-รัม	มีปัญญา รุ่งเรือง และมีเมตตา
21	ชิณริณ	A+	24	อาทิตย์, อังคาร, เสาร์, พุธ(กลางคืน)	24🟢 - 45🟢 - 54🟢 - 44🟢 - 45🟢	ชิน-ริน	มีปัญญา และรุ่งเรือง
22	ชิณริน	A+	24	อาทิตย์, อังคาร, พุธ(กลางคืน)	24🟢 - 45🟢 - 54🟢 - 44🟢 - 45🟢	ชิน-ริน	มีปัญญา รุ่งเรือง และอ่อนโยน
23	ชิณริม	A+	24	อาทิตย์, อังคาร, เสาร์	24🟢 - 45🟢 - 54🟢 - 44🟢 - 45🟢	ชิน-ริม	มีปัญญา รุ่งเรือง และมีเมตตา
25	ชินคัณ	A+	24	อาทิตย์, พุธ(กลางคืน), ศุกร์	24🟢 - 45🟢 - 54🟢 - 44🟢 - 45🟢	ชิน-คัน	อ่อนโยน มีความรู้ และมีปัญญา
26	ชินคัน	A+	24	อาทิตย์, พฤหัสบดี, พุธ(กลางคืน), ศุกร์	24🟢 - 45🟢 - 54🟢 - 44🟢 - 45🟢	ชิน-คัน	อ่อนโยน และมีความรู้
27	ชินคัม	A+	24	อาทิตย์, พฤหัสบดี, ศุกร์	24🟢 - 45🟢 - 54🟢 - 44🟢 - 45🟢	ชิน-คัม	อ่อนโยน มีความรู้ และมีเมตตา
28	ชินคัห	A+	24	พฤหัสบดี, พุธ(กลางคืน), ศุกร์	24🟢 - 45🟢 - 54🟢 - 44🟢 - 45🟢	ชิน-คะ-หะ	อ่อนโยน มีความรู้ และเข้มแข็ง
29	ชินคิณ	A+	24	อาทิตย์, พุธ(กลางคืน), ศุกร์	24🟢 - 45🟢 - 54🟢 - 44🟢 - 45🟢	ชิน-คิน	อ่อนโยน มีความรู้ และมีปัญญา
30	ชินคิน	A+	24	อาทิตย์, พฤหัสบดี, พุธ(กลางคืน), ศุกร์	24🟢 - 45🟢 - 54🟢 - 44🟢 - 45🟢	ชิน-คิน	อ่อนโยน และมีความรู้
31	ชินคิม	A+	24	อาทิตย์, พฤหัสบดี, ศุกร์	24🟢 - 45🟢 - 54🟢 - 44🟢 - 45🟢	ชิน-คิม	อ่อนโยน มีความรู้ และมีเมตตา
33	ชินธัณ	A+	24	อาทิตย์, อังคาร, พุธ(กลางคืน), ศุกร์	24🟢 - 45🟢 - 54🟢 - 44🟢 - 45🟢	ชิน-ทัน	อ่อนโยน มีคุณธรรม และมีปัญญา
34	ชินธัน	A+	24	อาทิตย์, อังคาร, พฤหัสบดี, พุธ(กลางคืน), ศุกร์	24🟢 - 45🟢 - 54🟢 - 44🟢 - 45🟢	ชิน-ทัน	อ่อนโยน และมีคุณธรรม
35	ชินธัม	A+	24	อาทิตย์, อังคาร, พฤหัสบดี, ศุกร์	24🟢 - 45🟢 - 54🟢 - 44🟢 - 45🟢	ชิน-ทัม	อ่อนโยน มีคุณธรรม และมีเมตตา
37	ชินธิณ	A+	24	อาทิตย์, อังคาร, พุธ(กลางคืน), ศุกร์	24🟢 - 45🟢 - 54🟢 - 44🟢 - 45🟢	ชิน-ทิน	อ่อนโยน มีคุณธรรม และมีปัญญา
38	ชินธิน	A+	24	อาทิตย์, อังคาร, พฤหัสบดี, พุธ(กลางคืน), ศุกร์	24🟢 - 45🟢 - 54🟢 - 44🟢 - 45🟢	ชิน-ทิน	อ่อนโยน และมีคุณธรรม
39	ชินธิม	A+	24	อาทิตย์, อังคาร, พฤหัสบดี, ศุกร์	24🟢 - 45🟢 - 54🟢 - 44🟢 - 45🟢	ชิน-ทิม	อ่อนโยน มีคุณธรรม และมีเมตตา
41	ชินรัณ	A+	24	อาทิตย์, อังคาร, พุธ(กลางคืน)	24🟢 - 45🟢 - 54🟢 - 44🟢 - 45🟢	ชิน-รัน	อ่อนโยน รุ่งเรือง และมีปัญญา
42	ชินรัน	A+	24	อาทิตย์, อังคาร, พฤหัสบดี, พุธ(กลางคืน)	24🟢 - 45🟢 - 54🟢 - 44🟢 - 45🟢	ชิน-รัน	อ่อนโยน และรุ่งเรือง
43	ชินรัม	A+	24	อาทิตย์, อังคาร, พฤหัสบดี	24🟢 - 45🟢 - 54🟢 - 44🟢 - 45🟢	ชิน-รัม	อ่อนโยน รุ่งเรือง และมีเมตตา
45	ชินริณ	A+	24	อาทิตย์, อังคาร, พุธ(กลางคืน)	24🟢 - 45🟢 - 54🟢 - 44🟢 - 45🟢	ชิน-ริน	อ่อนโยน รุ่งเรือง และมีปัญญา
46	ชินริน	A+	24	อาทิตย์, อังคาร, พฤหัสบดี, พุธ(กลางคืน)	24🟢 - 45🟢 - 54🟢 - 44🟢 - 45🟢	ชิน-ริน	อ่อนโยน และรุ่งเรือง
47	ชินริม	A+	24	อาทิตย์, อังคาร, พฤหัสบดี	24🟢 - 45🟢 - 54🟢 - 44🟢 - 45🟢	ชิน-ริม	อ่อนโยน รุ่งเรือง และมีเมตตา
49	ชิมคัณ	A+	24	อาทิตย์, เสาร์, ศุกร์	24🟢 - 45🟢 - 54🟢 - 44🟢 - 45🟢	ชิม-คัน	มีเมตตา มีความรู้ และมีปัญญา
50	ชิมคัน	A+	24	อาทิตย์, พฤหัสบดี, ศุกร์	24🟢 - 45🟢 - 54🟢 - 44🟢 - 45🟢	ชิม-คัน	มีเมตตา มีความรู้ และอ่อนโยน
51	ชิมคัม	A+	24	อาทิตย์, เสาร์, พฤหัสบดี, ศุกร์	24🟢 - 45🟢 - 54🟢 - 44🟢 - 45🟢	ชิม-คัม	มีเมตตา และมีความรู้
53	ชิมคิณ	A+	24	อาทิตย์, เสาร์, ศุกร์	24🟢 - 45🟢 - 54🟢 - 44🟢 - 45🟢	ชิม-คิน	มีเมตตา มีความรู้ และมีปัญญา
54	ชิมคิน	A+	24	อาทิตย์, พฤหัสบดี, ศุกร์	24🟢 - 45🟢 - 54🟢 - 44🟢 - 45🟢	ชิม-คิน	มีเมตตา มีความรู้ และอ่อนโยน
55	ชิมคิม	A+	24	อาทิตย์, เสาร์, พฤหัสบดี, ศุกร์	24🟢 - 45🟢 - 54🟢 - 44🟢 - 45🟢	ชิม-คิม	มีเมตตา และมีความรู้
56	ชิมคิห	A+	24	เสาร์, พฤหัสบดี, ศุกร์	24🟢 - 45🟢 - 54🟢 - 44🟢 - 45🟢	ชิม-คิ-หะ	มีเมตตา มีความรู้ และเข้มแข็ง
57	ชิมธัณ	A+	24	อาทิตย์, อังคาร, ศุกร์	24🟢 - 45🟢 - 54🟢 - 44🟢 - 45🟢	ชิม-ทัน	มีเมตตา มีคุณธรรม และมีปัญญา
58	ชิมธัน	A+	24	อาทิตย์, อังคาร, พฤหัสบดี, ศุกร์	24🟢 - 45🟢 - 54🟢 - 44🟢 - 45🟢	ชิม-ทัน	มีเมตตา มีคุณธรรม และอ่อนโยน
59	ชิมธัม	A+	24	อาทิตย์, อังคาร, พฤหัสบดี, ศุกร์	24🟢 - 45🟢 - 54🟢 - 44🟢 - 45🟢	ชิม-ทัม	มีเมตตา และมีคุณธรรม
61	ชิมธิณ	A+	24	อาทิตย์, อังคาร, ศุกร์	24🟢 - 45🟢 - 54🟢 - 44🟢 - 45🟢	ชิม-ทิน	มีเมตตา มีคุณธรรม และมีปัญญา
62	ชิมธิน	A+	24	อาทิตย์, อังคาร, พฤหัสบดี, ศุกร์	24🟢 - 45🟢 - 54🟢 - 44🟢 - 45🟢	ชิม-ทิน	มีเมตตา มีคุณธรรม และอ่อนโยน
63	ชิมธิม	A+	24	อาทิตย์, อังคาร, พฤหัสบดี, ศุกร์	24🟢 - 45🟢 - 54🟢 - 44🟢 - 45🟢	ชิม-ทิม	มีเมตตา และมีคุณธรรม
65	ชิมรัณ	A+	24	อาทิตย์, อังคาร, เสาร์	24🟢 - 45🟢 - 54🟢 - 44🟢 - 45🟢	ชิม-รัน	มีเมตตา รุ่งเรือง และมีปัญญา
66	ชิมรัน	A+	24	อาทิตย์, อังคาร, พฤหัสบดี	24🟢 - 45🟢 - 54🟢 - 44🟢 - 45🟢	ชิม-รัน	มีเมตตา รุ่งเรือง และอ่อนโยน
67	ชิมรัม	A+	24	อาทิตย์, อังคาร, เสาร์, พฤหัสบดี	24🟢 - 45🟢 - 54🟢 - 44🟢 - 45🟢	ชิม-รัม	มีเมตตา และรุ่งเรือง
69	ชิมริณ	A+	24	อาทิตย์, อังคาร, เสาร์	24🟢 - 45🟢 - 54🟢 - 44🟢 - 45🟢	ชิม-ริน	มีเมตตา รุ่งเรือง และมีปัญญา
70	ชิมริน	A+	24	อาทิตย์, อังคาร, พฤหัสบดี	24🟢 - 45🟢 - 54🟢 - 44🟢 - 45🟢	ชิม-ริน	มีเมตตา รุ่งเรือง และอ่อนโยน
71	ชิมริม	A+	24	อาทิตย์, อังคาร, เสาร์, พฤหัสบดี	24🟢 - 45🟢 - 54🟢 - 44🟢 - 45🟢	ชิม-ริม	มีเมตตา และรุ่งเรือง
73	ชัณคัณ	A+	24	อาทิตย์, เสาร์, พุธ(กลางคืน), ศุกร์	24🟢 - 45🟢 - 54🟢 - 44🟢 - 45🟢	ชัน-คัน	มีปัญญา และมีความรู้
74	ชัณคัน	A+	24	อาทิตย์, พุธ(กลางคืน), ศุกร์	24🟢 - 45🟢 - 54🟢 - 44🟢 - 45🟢	ชัน-คัน	มีปัญญา มีความรู้ และอ่อนโยน
75	ชัณคัม	A+	24	อาทิตย์, เสาร์, ศุกร์	24🟢 - 45🟢 - 54🟢 - 44🟢 - 45🟢	ชัน-คัม	มีปัญญา มีความรู้ และมีเมตตา
77	ชัณคิณ	A+	24	อาทิตย์, เสาร์, พุธ(กลางคืน), ศุกร์	24🟢 - 45🟢 - 54🟢 - 44🟢 - 45🟢	ชัน-คิน	มีปัญญา และมีความรู้
78	ชัณคิน	A+	24	อาทิตย์, พุธ(กลางคืน), ศุกร์	24🟢 - 45🟢 - 54🟢 - 44🟢 - 45🟢	ชัน-คิน	มีปัญญา มีความรู้ และอ่อนโยน
79	ชัณคิม	A+	24	อาทิตย์, เสาร์, ศุกร์	24🟢 - 45🟢 - 54🟢 - 44🟢 - 45🟢	ชัน-คิม	มีปัญญา มีความรู้ และมีเมตตา
81	ชัณธัณ	A+	24	อาทิตย์, อังคาร, พุธ(กลางคืน), ศุกร์	24🟢 - 45🟢 - 54🟢 - 44🟢 - 45🟢	ชัน-ทัน	มีปัญญา และมีคุณธรรม
82	ชัณธัน	A+	24	อาทิตย์, อังคาร, พุธ(กลางคืน), ศุกร์	24🟢 - 45🟢 - 54🟢 - 44🟢 - 45🟢	ชัน-ทัน	มีปัญญา มีคุณธรรม และอ่อนโยน
83	ชัณธัม	A+	24	อาทิตย์, อังคาร, ศุกร์	24🟢 - 45🟢 - 54🟢 - 44🟢 - 45🟢	ชัน-ทัม	มีปัญญา มีคุณธรรม และมีเมตตา
85	ชัณธิณ	A+	24	อาทิตย์, อังคาร, พุธ(กลางคืน), ศุกร์	24🟢 - 45🟢 - 54🟢 - 44🟢 - 45🟢	ชัน-ทิน	มีปัญญา และมีคุณธรรม
86	ชัณธิน	A+	24	อาทิตย์, อังคาร, พุธ(กลางคืน), ศุกร์	24🟢 - 45🟢 - 54🟢 - 44🟢 - 45🟢	ชัน-ทิน	มีปัญญา มีคุณธรรม และอ่อนโยน
87	ชัณธิม	A+	24	อาทิตย์, อังคาร, ศุกร์	24🟢 - 45🟢 - 54🟢 - 44🟢 - 45🟢	ชัน-ทิม	มีปัญญา มีคุณธรรม และมีเมตตา
89	ชัณรัณ	A+	24	อาทิตย์, อังคาร, เสาร์, พุธ(กลางคืน)	24🟢 - 45🟢 - 54🟢 - 44🟢 - 45🟢	ชัน-รัน	มีปัญญา และรุ่งเรือง
90	ชัณรัน	A+	24	อาทิตย์, อังคาร, พุธ(กลางคืน)	24🟢 - 45🟢 - 54🟢 - 44🟢 - 45🟢	ชัน-รัน	มีปัญญา รุ่งเรือง และอ่อนโยน
91	ชัณรัม	A+	24	อาทิตย์, อังคาร, เสาร์	24🟢 - 45🟢 - 54🟢 - 44🟢 - 45🟢	ชัน-รัม	มีปัญญา รุ่งเรือง และมีเมตตา
93	ชัณริณ	A+	24	อาทิตย์, อังคาร, เสาร์, พุธ(กลางคืน)	24🟢 - 45🟢 - 54🟢 - 44🟢 - 45🟢	ชัน-ริน	มีปัญญา และรุ่งเรือง
94	ชัณริน	A+	24	อาทิตย์, อังคาร, พุธ(กลางคืน)	24🟢 - 45🟢 - 54🟢 - 44🟢 - 45🟢	ชัน-ริน	มีปัญญา รุ่งเรือง และอ่อนโยน
95	ชัณริม	A+	24	อาทิตย์, อังคาร, เสาร์	24🟢 - 45🟢 - 54🟢 - 44🟢 - 45🟢	ชัน-ริม	มีปัญญา รุ่งเรือง และมีเมตตา
96	ชัณริห	A+	24	อังคาร, เสาร์, พุธ(กลางคืน)	24🟢 - 45🟢 - 54🟢 - 44🟢 - 45🟢	ชัน-ริ-หะ	มีปัญญา รุ่งเรือง และเข้มแข็ง
97	ชันคัณ	A+	24	อาทิตย์, พุธ(กลางคืน), ศุกร์	24🟢 - 45🟢 - 54🟢 - 44🟢 - 45🟢	ชัน-คัน	อ่อนโยน มีความรู้ และมีปัญญา
98	ชันคัน	A+	24	อาทิตย์, พฤหัสบดี, พุธ(กลางคืน), ศุกร์	24🟢 - 45🟢 - 54🟢 - 44🟢 - 45🟢	ชัน-คัน	อ่อนโยน และมีความรู้
99	ชันคัม	A+	24	อาทิตย์, พฤหัสบดี, ศุกร์	24🟢 - 45🟢 - 54🟢 - 44🟢 - 45🟢	ชัน-คัม	อ่อนโยน มีความรู้ และมีเมตตา
101	ชันคิณ	A+	24	อาทิตย์, พุธ(กลางคืน), ศุกร์	24🟢 - 45🟢 - 54🟢 - 44🟢 - 45🟢	ชัน-คิน	อ่อนโยน มีความรู้ และมีปัญญา
102	ชันคิน	A+	24	อาทิตย์, พฤหัสบดี, พุธ(กลางคืน), ศุกร์	24🟢 - 45🟢 - 54🟢 - 44🟢 - 45🟢	ชัน-คิน	อ่อนโยน และมีความรู้
103	ชันคิม	A+	24	อาทิตย์, พฤหัสบดี, ศุกร์	24🟢 - 45🟢 - 54🟢 - 44🟢 - 45🟢	ชัน-คิม	อ่อนโยน มีความรู้ และมีเมตตา
105	ชันธัณ	A+	24	อาทิตย์, อังคาร, พุธ(กลางคืน), ศุกร์	24🟢 - 45🟢 - 54🟢 - 44🟢 - 45🟢	ชัน-ทัน	อ่อนโยน มีคุณธรรม และมีปัญญา
106	ชันธัน	A+	24	อาทิตย์, อังคาร, พฤหัสบดี, พุธ(กลางคืน), ศุกร์	24🟢 - 45🟢 - 54🟢 - 44🟢 - 45🟢	ชัน-ทัน	อ่อนโยน และมีคุณธรรม
107	ชันธัม	A+	24	อาทิตย์, อังคาร, พฤหัสบดี, ศุกร์	24🟢 - 45🟢 - 54🟢 - 44🟢 - 45🟢	ชัน-ทัม	อ่อนโยน มีคุณธรรม และมีเมตตา
109	ชันธิณ	A+	24	อาทิตย์, อังคาร, พุธ(กลางคืน), ศุกร์	24🟢 - 45🟢 - 54🟢 - 44🟢 - 45🟢	ชัน-ทิน	อ่อนโยน มีคุณธรรม และมีปัญญา
110	ชันธิน	A+	24	อาทิตย์, อังคาร, พฤหัสบดี, พุธ(กลางคืน), ศุกร์	24🟢 - 45🟢 - 54🟢 - 44🟢 - 45🟢	ชัน-ทิน	อ่อนโยน และมีคุณธรรม
111	ชันธิม	A+	24	อาทิตย์, อังคาร, พฤหัสบดี, ศุกร์	24🟢 - 45🟢 - 54🟢 - 44🟢 - 45🟢	ชัน-ทิม	อ่อนโยน มีคุณธรรม และมีเมตตา
113	ชันรัณ	A+	24	อาทิตย์, อังคาร, พุธ(กลางคืน)	24🟢 - 45🟢 - 54🟢 - 44🟢 - 45🟢	ชัน-รัน	อ่อนโยน รุ่งเรือง และมีปัญญา
114	ชันรัน	A+	24	อาทิตย์, อังคาร, พฤหัสบดี, พุธ(กลางคืน)	24🟢 - 45🟢 - 54🟢 - 44🟢 - 45🟢	ชัน-รัน	อ่อนโยน และรุ่งเรือง
115	ชันรัม	A+	24	อาทิตย์, อังคาร, พฤหัสบดี	24🟢 - 45🟢 - 54🟢 - 44🟢 - 45🟢	ชัน-รัม	อ่อนโยน รุ่งเรือง และมีเมตตา
117	ชันริณ	A+	24	อาทิตย์, อังคาร, พุธ(กลางคืน)	24🟢 - 45🟢 - 54🟢 - 44🟢 - 45🟢	ชัน-ริน	อ่อนโยน รุ่งเรือง และมีปัญญา
118	ชันริน	A+	24	อาทิตย์, อังคาร, พฤหัสบดี, พุธ(กลางคืน)	24🟢 - 45🟢 - 54🟢 - 44🟢 - 45🟢	ชัน-ริน	อ่อนโยน และรุ่งเรือง
119	ชันริม	A+	24	อาทิตย์, อังคาร, พฤหัสบดี	24🟢 - 45🟢 - 54🟢 - 44🟢 - 45🟢	ชัน-ริม	อ่อนโยน รุ่งเรือง และมีเมตตา
121	ชัมคัณ	A+	24	อาทิตย์, เสาร์, ศุกร์	24🟢 - 45🟢 - 54🟢 - 44🟢 - 45🟢	ชัม-คัน	มีเมตตา มีความรู้ และมีปัญญา
122	ชัมคัน	A+	24	อาทิตย์, พฤหัสบดี, ศุกร์	24🟢 - 45🟢 - 54🟢 - 44🟢 - 45🟢	ชัม-คัน	มีเมตตา มีความรู้ และอ่อนโยน
123	ชัมคัม	A+	24	อาทิตย์, เสาร์, พฤหัสบดี, ศุกร์	24🟢 - 45🟢 - 54🟢 - 44🟢 - 45🟢	ชัม-คัม	มีเมตตา และมีความรู้
125	ชัมคิณ	A+	24	อาทิตย์, เสาร์, ศุกร์	24🟢 - 45🟢 - 54🟢 - 44🟢 - 45🟢	ชัม-คิน	มีเมตตา มีความรู้ และมีปัญญา
126	ชัมคิน	A+	24	อาทิตย์, พฤหัสบดี, ศุกร์	24🟢 - 45🟢 - 54🟢 - 44🟢 - 45🟢	ชัม-คิน	มีเมตตา มีความรู้ และอ่อนโยน
127	ชัมคิม	A+	24	อาทิตย์, เสาร์, พฤหัสบดี, ศุกร์	24🟢 - 45🟢 - 54🟢 - 44🟢 - 45🟢	ชัม-คิม	มีเมตตา และมีความรู้
129	ชัมธัณ	A+	24	อาทิตย์, อังคาร, ศุกร์	24🟢 - 45🟢 - 54🟢 - 44🟢 - 45🟢	ชัม-ทัน	มีเมตตา มีคุณธรรม และมีปัญญา
130	ชัมธัน	A+	24	อาทิตย์, อังคาร, พฤหัสบดี, ศุกร์	24🟢 - 45🟢 - 54🟢 - 44🟢 - 45🟢	ชัม-ทัน	มีเมตตา มีคุณธรรม และอ่อนโยน
131	ชัมธัม	A+	24	อาทิตย์, อังคาร, พฤหัสบดี, ศุกร์	24🟢 - 45🟢 - 54🟢 - 44🟢 - 45🟢	ชัม-ทัม	มีเมตตา และมีคุณธรรม
133	ชัมธิณ	A+	24	อาทิตย์, อังคาร, ศุกร์	24🟢 - 45🟢 - 54🟢 - 44🟢 - 45🟢	ชัม-ทิน	มีเมตตา มีคุณธรรม และมีปัญญา
134	ชัมธิน	A+	24	อาทิตย์, อังคาร, พฤหัสบดี, ศุกร์	24🟢 - 45🟢 - 54🟢 - 44🟢 - 45🟢	ชัม-ทิน	มีเมตตา มีคุณธรรม และอ่อนโยน
135	ชัมธิม	A+	24	อาทิตย์, อังคาร, พฤหัสบดี, ศุกร์	24🟢 - 45🟢 - 54🟢 - 44🟢 - 45🟢	ชัม-ทิม	มีเมตตา และมีคุณธรรม
137	ชัมรัณ	A+	24	อาทิตย์, อังคาร, เสาร์	24🟢 - 45🟢 - 54🟢 - 44🟢 - 45🟢	ชัม-รัน	มีเมตตา รุ่งเรือง และมีปัญญา
138	ชัมรัน	A+	24	อาทิตย์, อังคาร, พฤหัสบดี	24🟢 - 45🟢 - 54🟢 - 44🟢 - 45🟢	ชัม-รัน	มีเมตตา รุ่งเรือง และอ่อนโยน
139	ชัมรัม	A+	24	อาทิตย์, อังคาร, เสาร์, พฤหัสบดี	24🟢 - 45🟢 - 54🟢 - 44🟢 - 45🟢	ชัม-รัม	มีเมตตา และรุ่งเรือง
141	ชัมริณ	A+	24	อาทิตย์, อังคาร, เสาร์	24🟢 - 45🟢 - 54🟢 - 44🟢 - 45🟢	ชัม-ริน	มีเมตตา รุ่งเรือง และมีปัญญา
142	ชัมริน	A+	24	อาทิตย์, อังคาร, พฤหัสบดี	24🟢 - 45🟢 - 54🟢 - 44🟢 - 45🟢	ชัม-ริน	มีเมตตา รุ่งเรือง และอ่อนโยน
143	ชัมริม	A+	24	อาทิตย์, อังคาร, เสาร์, พฤหัสบดี	24🟢 - 45🟢 - 54🟢 - 44🟢 - 45🟢	ชัม-ริม	มีเมตตา และรุ่งเรือง
145	ชิณญัณ	A+	24	อาทิตย์, อังคาร, เสาร์, พุธ(กลางคืน), ศุกร์	24🟢 - 45🟢 - 54🟢 - 44🟢 - 45🟢	ชิน-ยัน	มีปัญญา
146	ชิณญัน	A+	24	อาทิตย์, อังคาร, พุธ(กลางคืน), ศุกร์	24🟢 - 45🟢 - 54🟢 - 44🟢 - 45🟢	ชิน-ยัน	มีปัญญา และอ่อนโยน
147	ชิณญัม	A+	24	อาทิตย์, อังคาร, เสาร์, ศุกร์	24🟢 - 45🟢 - 54🟢 - 44🟢 - 45🟢	ชิน-ยัม	มีปัญญา และมีเมตตา
148	ชิณญัห	A+	24	อังคาร, เสาร์, พุธ(กลางคืน), ศุกร์	24🟢 - 45🟢 - 54🟢 - 44🟢 - 45🟢	ชิน-ยะ-หะ	มีปัญญา และเข้มแข็ง
149	ชิณญิณ	A+	24	อาทิตย์, อังคาร, เสาร์, พุธ(กลางคืน), ศุกร์	24🟢 - 45🟢 - 54🟢 - 44🟢 - 45🟢	ชิน-ยิน	มีปัญญา
150	ชิณญิน	A+	24	อาทิตย์, อังคาร, พุธ(กลางคืน), ศุกร์	24🟢 - 45🟢 - 54🟢 - 44🟢 - 45🟢	ชิน-ยิน	มีปัญญา และอ่อนโยน
151	ชิณญิม	A+	24	อาทิตย์, อังคาร, เสาร์, ศุกร์	24🟢 - 45🟢 - 54🟢 - 44🟢 - 45🟢	ชิน-ยิม	มีปัญญา และมีเมตตา
157	ชินญิณ	A+	24	อาทิตย์, อังคาร, พุธ(กลางคืน), ศุกร์	24🟢 - 45🟢 - 54🟢 - 44🟢 - 45🟢	ชิน-ยิน	อ่อนโยน และมีปัญญา
158	ชินญิน	A+	24	อาทิตย์, อังคาร, พฤหัสบดี, พุธ(กลางคืน), ศุกร์	24🟢 - 45🟢 - 54🟢 - 44🟢 - 45🟢	ชิน-ยิน	อ่อนโยน และมีปัญญา
159	ชินญิม	A+	24	อาทิตย์, อังคาร, พฤหัสบดี, ศุกร์	24🟢 - 45🟢 - 54🟢 - 44🟢 - 45🟢	ชิน-ยิม	อ่อนโยน มีปัญญา และมีเมตตา
161	ชิมญัณ	A+	24	อาทิตย์, อังคาร, เสาร์, ศุกร์	24🟢 - 45🟢 - 54🟢 - 44🟢 - 45🟢	ชิม-ยัน	มีเมตตา และมีปัญญา
163	ชิมญัม	A+	24	อาทิตย์, อังคาร, เสาร์, พฤหัสบดี, ศุกร์	24🟢 - 45🟢 - 54🟢 - 44🟢 - 45🟢	ชิม-ยัม	มีเมตตา และมีปัญญา
164	ชิมญัห	A+	24	อังคาร, เสาร์, พฤหัสบดี, ศุกร์	24🟢 - 45🟢 - 54🟢 - 44🟢 - 45🟢	ชิม-ยะ-หะ	มีเมตตา มีปัญญา และเข้มแข็ง
165	ชิมญิณ	A+	24	อาทิตย์, อังคาร, เสาร์, ศุกร์	24🟢 - 45🟢 - 54🟢 - 44🟢 - 45🟢	ชิม-ยิน	มีเมตตา และมีปัญญา
166	ชิมญิน	A+	24	อาทิตย์, อังคาร, พฤหัสบดี, ศุกร์	24🟢 - 45🟢 - 54🟢 - 44🟢 - 45🟢	ชิม-ยิน	มีเมตตา มีปัญญา และอ่อนโยน
167	ชิมญิม	A+	24	อาทิตย์, อังคาร, เสาร์, พฤหัสบดี, ศุกร์	24🟢 - 45🟢 - 54🟢 - 44🟢 - 45🟢	ชิม-ยิม	มีเมตตา และมีปัญญา
169	ชัณญัณ	A+	24	อาทิตย์, อังคาร, เสาร์, พุธ(กลางคืน), ศุกร์	24🟢 - 45🟢 - 54🟢 - 44🟢 - 45🟢	ชัน-ยัน	มีปัญญา
170	ชัณญัน	A+	24	อาทิตย์, อังคาร, พุธ(กลางคืน), ศุกร์	24🟢 - 45🟢 - 54🟢 - 44🟢 - 45🟢	ชัน-ยัน	มีปัญญา และอ่อนโยน
171	ชัณญัม	A+	24	อาทิตย์, อังคาร, เสาร์, ศุกร์	24🟢 - 45🟢 - 54🟢 - 44🟢 - 45🟢	ชัน-ยัม	มีปัญญา และมีเมตตา
173	ชัณญิณ	A+	24	อาทิตย์, อังคาร, เสาร์, พุธ(กลางคืน), ศุกร์	24🟢 - 45🟢 - 54🟢 - 44🟢 - 45🟢	ชัน-ยิน	มีปัญญา
174	ชัณญิน	A+	24	อาทิตย์, อังคาร, พุธ(กลางคืน), ศุกร์	24🟢 - 45🟢 - 54🟢 - 44🟢 - 45🟢	ชัน-ยิน	มีปัญญา และอ่อนโยน
175	ชัณญิม	A+	24	อาทิตย์, อังคาร, เสาร์, ศุกร์	24🟢 - 45🟢 - 54🟢 - 44🟢 - 45🟢	ชัน-ยิม	มีปัญญา และมีเมตตา
177	ชันญัณ	A+	24	อาทิตย์, อังคาร, พุธ(กลางคืน), ศุกร์	24🟢 - 45🟢 - 54🟢 - 44🟢 - 45🟢	ชัน-ยัน	อ่อนโยน และมีปัญญา
178	ชันญัน	A+	24	อาทิตย์, อังคาร, พฤหัสบดี, พุธ(กลางคืน), ศุกร์	24🟢 - 45🟢 - 54🟢 - 44🟢 - 45🟢	ชัน-ยัน	อ่อนโยน และมีปัญญา
179	ชันญัม	A+	24	อาทิตย์, อังคาร, พฤหัสบดี, ศุกร์	24🟢 - 45🟢 - 54🟢 - 44🟢 - 45🟢	ชัน-ยัม	อ่อนโยน มีปัญญา และมีเมตตา
189	ชัมญิณ	A+	24	อาทิตย์, อังคาร, เสาร์, ศุกร์	24🟢 - 45🟢 - 54🟢 - 44🟢 - 45🟢	ชัม-ยิน	มีเมตตา และมีปัญญา
190	ชัมญิน	A+	24	อาทิตย์, อังคาร, พฤหัสบดี, ศุกร์	24🟢 - 45🟢 - 54🟢 - 44🟢 - 45🟢	ชัม-ยิน	มีเมตตา มีปัญญา และอ่อนโยน
191	ชัมญิม	A+	24	อาทิตย์, อังคาร, เสาร์, พฤหัสบดี, ศุกร์	24🟢 - 45🟢 - 54🟢 - 44🟢 - 45🟢	ชัม-ยิม	มีเมตตา และมีปัญญา
192	ชัมญิห	A+	24	อังคาร, เสาร์, พฤหัสบดี, ศุกร์	24🟢 - 45🟢 - 54🟢 - 44🟢 - 45🟢	ชัม-ยิ-หะ	มีเมตตา มีปัญญา และเข้มแข็ง
193	ชิณษัณ	A+	24	อังคาร, เสาร์, พุธ(กลางคืน), ศุกร์	24🟢 - 45🟢 - 54🟢 - 44🟢 - 45🟢	ชิน-สัน	มีปัญญา และมีศักดิ์ศรี
194	ชิณษัน	A+	24	อังคาร, พุธ(กลางคืน), ศุกร์	24🟢 - 45🟢 - 54🟢 - 44🟢 - 45🟢	ชิน-สัน	มีปัญญา มีศักดิ์ศรี และอ่อนโยน
195	ชิณษัม	A+	24	อังคาร, เสาร์, ศุกร์	24🟢 - 45🟢 - 54🟢 - 44🟢 - 45🟢	ชิน-สัม	มีปัญญา มีศักดิ์ศรี และมีเมตตา
196	ชิณษัห	A+	24	อังคาร, เสาร์, พุธ(กลางคืน), ศุกร์	24🟢 - 45🟢 - 54🟢 - 44🟢 - 45🟢	ชิน-สะ-หะ	มีปัญญา มีศักดิ์ศรี และเข้มแข็ง
197	ชิณษิณ	A+	24	อังคาร, เสาร์, พุธ(กลางคืน), ศุกร์	24🟢 - 45🟢 - 54🟢 - 44🟢 - 45🟢	ชิน-สิน	มีปัญญา และมีศักดิ์ศรี
198	ชิณษิน	A+	24	อังคาร, พุธ(กลางคืน), ศุกร์	24🟢 - 45🟢 - 54🟢 - 44🟢 - 45🟢	ชิน-สิน	มีปัญญา มีศักดิ์ศรี และอ่อนโยน
199	ชิณษิม	A+	24	อังคาร, เสาร์, ศุกร์	24🟢 - 45🟢 - 54🟢 - 44🟢 - 45🟢	ชิน-สิม	มีปัญญา มีศักดิ์ศรี และมีเมตตา
200	ชิณษิห	A+	24	อังคาร, เสาร์, พุธ(กลางคืน), ศุกร์	24🟢 - 45🟢 - 54🟢 - 44🟢 - 45🟢	ชิน-สิ-หะ	มีปัญญา มีศักดิ์ศรี และเข้มแข็ง
201	ชินษัณ	A+	24	อังคาร, พุธ(กลางคืน), ศุกร์	24🟢 - 45🟢 - 54🟢 - 44🟢 - 45🟢	ชิน-สัน	อ่อนโยน มีศักดิ์ศรี และมีปัญญา
202	ชินษัน	A+	24	อังคาร, พฤหัสบดี, พุธ(กลางคืน), ศุกร์	24🟢 - 45🟢 - 54🟢 - 44🟢 - 45🟢	ชิน-สัน	อ่อนโยน และมีศักดิ์ศรี
203	ชินษัม	A+	24	อังคาร, พฤหัสบดี, ศุกร์	24🟢 - 45🟢 - 54🟢 - 44🟢 - 45🟢	ชิน-สัม	อ่อนโยน มีศักดิ์ศรี และมีเมตตา
204	ชินษัห	A+	24	อังคาร, พฤหัสบดี, พุธ(กลางคืน), ศุกร์	24🟢 - 45🟢 - 54🟢 - 44🟢 - 45🟢	ชิน-สะ-หะ	อ่อนโยน มีศักดิ์ศรี และเข้มแข็ง
205	ชินษิณ	A+	24	อังคาร, พุธ(กลางคืน), ศุกร์	24🟢 - 45🟢 - 54🟢 - 44🟢 - 45🟢	ชิน-สิน	อ่อนโยน มีศักดิ์ศรี และมีปัญญา
206	ชินษิน	A+	24	อังคาร, พฤหัสบดี, พุธ(กลางคืน), ศุกร์	24🟢 - 45🟢 - 54🟢 - 44🟢 - 45🟢	ชิน-สิน	อ่อนโยน และมีศักดิ์ศรี
207	ชินษิม	A+	24	อังคาร, พฤหัสบดี, ศุกร์	24🟢 - 45🟢 - 54🟢 - 44🟢 - 45🟢	ชิน-สิม	อ่อนโยน มีศักดิ์ศรี และมีเมตตา
208	ชินษิห	A+	24	อังคาร, พฤหัสบดี, พุธ(กลางคืน), ศุกร์	24🟢 - 45🟢 - 54🟢 - 44🟢 - 45🟢	ชิน-สิ-หะ	อ่อนโยน มีศักดิ์ศรี และเข้มแข็ง
209	ชิมษัณ	A+	24	อังคาร, เสาร์, ศุกร์	24🟢 - 45🟢 - 54🟢 - 44🟢 - 45🟢	ชิม-สัน	มีเมตตา มีศักดิ์ศรี และมีปัญญา
210	ชิมษัน	A+	24	อังคาร, พฤหัสบดี, ศุกร์	24🟢 - 45🟢 - 54🟢 - 44🟢 - 45🟢	ชิม-สัน	มีเมตตา มีศักดิ์ศรี และอ่อนโยน
211	ชิมษัม	A+	24	อังคาร, เสาร์, พฤหัสบดี, ศุกร์	24🟢 - 45🟢 - 54🟢 - 44🟢 - 45🟢	ชิม-สัม	มีเมตตา และมีศักดิ์ศรี
212	ชิมษัห	A+	24	อังคาร, เสาร์, พฤหัสบดี, ศุกร์	24🟢 - 45🟢 - 54🟢 - 44🟢 - 45🟢	ชิม-สะ-หะ	มีเมตตา มีศักดิ์ศรี และเข้มแข็ง
213	ชิมษิณ	A+	24	อังคาร, เสาร์, ศุกร์	24🟢 - 45🟢 - 54🟢 - 44🟢 - 45🟢	ชิม-สิน	มีเมตตา มีศักดิ์ศรี และมีปัญญา
214	ชิมษิน	A+	24	อังคาร, พฤหัสบดี, ศุกร์	24🟢 - 45🟢 - 54🟢 - 44🟢 - 45🟢	ชิม-สิน	มีเมตตา มีศักดิ์ศรี และอ่อนโยน
215	ชิมษิม	A+	24	อังคาร, เสาร์, พฤหัสบดี, ศุกร์	24🟢 - 45🟢 - 54🟢 - 44🟢 - 45🟢	ชิม-สิม	มีเมตตา และมีศักดิ์ศรี
216	ชิมษิห	A+	24	อังคาร, เสาร์, พฤหัสบดี, ศุกร์	24🟢 - 45🟢 - 54🟢 - 44🟢 - 45🟢	ชิม-สิ-หะ	มีเมตตา มีศักดิ์ศรี และเข้มแข็ง
217	ชัณษัณ	A+	24	อังคาร, เสาร์, พุธ(กลางคืน), ศุกร์	24🟢 - 45🟢 - 54🟢 - 44🟢 - 45🟢	ชัน-สัน	มีปัญญา และมีศักดิ์ศรี
218	ชัณษัน	A+	24	อังคาร, พุธ(กลางคืน), ศุกร์	24🟢 - 45🟢 - 54🟢 - 44🟢 - 45🟢	ชัน-สัน	มีปัญญา มีศักดิ์ศรี และอ่อนโยน
219	ชัณษัม	A+	24	อังคาร, เสาร์, ศุกร์	24🟢 - 45🟢 - 54🟢 - 44🟢 - 45🟢	ชัน-สัม	มีปัญญา มีศักดิ์ศรี และมีเมตตา
220	ชัณษัห	A+	24	อังคาร, เสาร์, พุธ(กลางคืน), ศุกร์	24🟢 - 45🟢 - 54🟢 - 44🟢 - 45🟢	ชัน-สะ-หะ	มีปัญญา มีศักดิ์ศรี และเข้มแข็ง
221	ชัณษิณ	A+	24	อังคาร, เสาร์, พุธ(กลางคืน), ศุกร์	24🟢 - 45🟢 - 54🟢 - 44🟢 - 45🟢	ชัน-สิน	มีปัญญา และมีศักดิ์ศรี
222	ชัณษิน	A+	24	อังคาร, พุธ(กลางคืน), ศุกร์	24🟢 - 45🟢 - 54🟢 - 44🟢 - 45🟢	ชัน-สิน	มีปัญญา มีศักดิ์ศรี และอ่อนโยน
223	ชัณษิม	A+	24	อังคาร, เสาร์, ศุกร์	24🟢 - 45🟢 - 54🟢 - 44🟢 - 45🟢	ชัน-สิม	มีปัญญา มีศักดิ์ศรี และมีเมตตา
224	ชัณษิห	A+	24	อังคาร, เสาร์, พุธ(กลางคืน), ศุกร์	24🟢 - 45🟢 - 54🟢 - 44🟢 - 45🟢	ชัน-สิ-หะ	มีปัญญา มีศักดิ์ศรี และเข้มแข็ง
225	ชันษัณ	A+	24	อังคาร, พุธ(กลางคืน), ศุกร์	24🟢 - 45🟢 - 54🟢 - 44🟢 - 45🟢	ชัน-สัน	อ่อนโยน มีศักดิ์ศรี และมีปัญญา
226	ชันษัน	A+	24	อังคาร, พฤหัสบดี, พุธ(กลางคืน), ศุกร์	24🟢 - 45🟢 - 54🟢 - 44🟢 - 45🟢	ชัน-สัน	อ่อนโยน และมีศักดิ์ศรี
227	ชันษัม	A+	24	อังคาร, พฤหัสบดี, ศุกร์	24🟢 - 45🟢 - 54🟢 - 44🟢 - 45🟢	ชัน-สัม	อ่อนโยน มีศักดิ์ศรี และมีเมตตา
228	ชันษัห	A+	24	อังคาร, พฤหัสบดี, พุธ(กลางคืน), ศุกร์	24🟢 - 45🟢 - 54🟢 - 44🟢 - 45🟢	ชัน-สะ-หะ	อ่อนโยน มีศักดิ์ศรี และเข้มแข็ง
229	ชันษิณ	A+	24	อังคาร, พุธ(กลางคืน), ศุกร์	24🟢 - 45🟢 - 54🟢 - 44🟢 - 45🟢	ชัน-สิน	อ่อนโยน มีศักดิ์ศรี และมีปัญญา
230	ชันษิน	A+	24	อังคาร, พฤหัสบดี, พุธ(กลางคืน), ศุกร์	24🟢 - 45🟢 - 54🟢 - 44🟢 - 45🟢	ชัน-สิน	อ่อนโยน และมีศักดิ์ศรี
231	ชันษิม	A+	24	อังคาร, พฤหัสบดี, ศุกร์	24🟢 - 45🟢 - 54🟢 - 44🟢 - 45🟢	ชัน-สิม	อ่อนโยน มีศักดิ์ศรี และมีเมตตา
232	ชันษิห	A+	24	อังคาร, พฤหัสบดี, พุธ(กลางคืน), ศุกร์	24🟢 - 45🟢 - 54🟢 - 44🟢 - 45🟢	ชัน-สิ-หะ	อ่อนโยน มีศักดิ์ศรี และเข้มแข็ง
233	ชัมษัณ	A+	24	อังคาร, เสาร์, ศุกร์	24🟢 - 45🟢 - 54🟢 - 44🟢 - 45🟢	ชัม-สัน	มีเมตตา มีศักดิ์ศรี และมีปัญญา
234	ชัมษัน	A+	24	อังคาร, พฤหัสบดี, ศุกร์	24🟢 - 45🟢 - 54🟢 - 44🟢 - 45🟢	ชัม-สัน	มีเมตตา มีศักดิ์ศรี และอ่อนโยน
235	ชัมษัม	A+	24	อังคาร, เสาร์, พฤหัสบดี, ศุกร์	24🟢 - 45🟢 - 54🟢 - 44🟢 - 45🟢	ชัม-สัม	มีเมตตา และมีศักดิ์ศรี
236	ชัมษัห	A+	24	อังคาร, เสาร์, พฤหัสบดี, ศุกร์	24🟢 - 45🟢 - 54🟢 - 44🟢 - 45🟢	ชัม-สะ-หะ	มีเมตตา มีศักดิ์ศรี และเข้มแข็ง
237	ชัมษิณ	A+	24	อังคาร, เสาร์, ศุกร์	24🟢 - 45🟢 - 54🟢 - 44🟢 - 45🟢	ชัม-สิน	มีเมตตา มีศักดิ์ศรี และมีปัญญา
238	ชัมษิน	A+	24	อังคาร, พฤหัสบดี, ศุกร์	24🟢 - 45🟢 - 54🟢 - 44🟢 - 45🟢	ชัม-สิน	มีเมตตา มีศักดิ์ศรี และอ่อนโยน
239	ชัมษิม	A+	24	อังคาร, เสาร์, พฤหัสบดี, ศุกร์	24🟢 - 45🟢 - 54🟢 - 44🟢 - 45🟢	ชัม-สิม	มีเมตตา และมีศักดิ์ศรี
